use qltrasua;

INSERT INTO NhanVien (maNV, tenNV, gioiTinh, ngaySinh, diaChi, email, sdt, hinhAnh) VALUES
('NV0001', 'Phan Thanh Hà', 1, CAST('2000-03-08' AS Date), 'Ninh Hòa', 'hathanh.0113@gmail.com', '0334370822', 'ha_avatar.jpg'),
('NV0002', 'Nguyễn Văn Trí', 1, CAST('2000-10-17' AS Date), 'Cam Ranh', 'tri.nv.60cnttt@gmail.com', '0365062796', 'tri_avatar1.jpg'),
('NV0003', 'Lê Minh Long', 1, CAST('2000-06-01' AS Date), 'Cam Ranh', 'long.lm@ntu.edu.vn', '0123457181', 'long_avatar.jpg'),
('NV0004', 'Mang Bảo', 1, CAST('2000-01-13' AS Date), 'Cam Ranh', 'bao@gmail.com', '01261414', 'bao_avatar.jpg'),
('NV0005', 'Nguyễn Đức Lộc', 1, CAST('2000-06-15' AS Date), 'Cam Ranh', 'loc@gmail.com', '01261414', 'loc_avatar.jpg');

INSERT INTO NhomNhanVien (IDNhom, TenNhom) VALUES 
('ADMIN', 'Quản trị hệ thống'),
('QUANLY', 'Quản lý'),
('SHIPPER', 'Nhân viên giao hàng'),
('THUNGAN', 'Thu ngân');

INSERT INTO QuanTri (username, password, tinhTrang, maNV, IDNhom) VALUES 
('admin', '81dc9bdb52d04dc20036dbd8313ed055', 1, 'NV0001', 'ADMIN'),
('baoquanly', '81dc9bdb52d04dc20036dbd8313ed055', 1, 'NV0004', 'QUANLY'),
('longthungan', '81dc9bdb52d04dc20036dbd8313ed055', 1, 'NV0003', 'THUNGAN'),
('qlha', '81dc9bdb52d04dc20036dbd8313ed055', 1, 'NV0001', 'QUANLY'),
('shippertri', '81dc9bdb52d04dc20036dbd8313ed055', 1, 'NV0002', 'SHIPPER');

INSERT INTO HoaDon (MaHD, TongTien, TienKhachDua, NgayLap, maNV) VALUES 
('1030620210001', 92000, 100000, CAST('2021-06-03T18:13:30.207' AS DateTime), 'NV0001'),
('1030620210002', 23000, 25000, CAST('2021-06-03T18:16:00.213' AS DateTime), 'NV0001'),
('1030620210003', 90000, 90000, CAST('2021-06-03T18:16:38.337' AS DateTime), 'NV0001'),
('1030620210004', 77000, 100000, CAST('2021-06-03T18:17:37.790' AS DateTime), 'NV0001'),
('1030620210005', 94000, 100000, CAST('2021-06-03T18:18:28.550' AS DateTime), 'NV0001'),
('1030620210006', 50000, 50000, CAST('2021-06-03T18:18:54.073' AS DateTime), 'NV0001'),
('1030720210001', 40000, 40000, CAST('2021-07-03T17:24:24.063' AS DateTime), 'NV0001'),
('1030720210002', 60000, 60000, CAST('2021-07-03T17:24:54.770' AS DateTime), 'NV0001'),
('1030720210003', 66000, 70000, CAST('2021-07-03T17:25:48.007' AS DateTime), 'NV0001'),
('1030720210004', 122000, 150000, CAST('2021-07-03T17:26:54.767' AS DateTime), 'NV0001'),
('1030820210001', 50000, 50000, CAST('2021-08-03T17:49:58.713' AS DateTime), 'NV0001'),
('10308202100010', 43000, 45000, CAST('2021-08-03T17:59:12.533' AS DateTime), 'NV0001'),
('1030820210003', 58000, 100000, CAST('2021-08-03T17:52:27.583' AS DateTime), 'NV0001'),
('1030820210005', 40000, 40000, CAST('2021-08-03T17:53:21.253' AS DateTime), 'NV0001'),
('1030820210007', 44000, 45000, CAST('2021-08-03T17:54:23.250' AS DateTime), 'NV0001'),
('1030820210009', 51000, 52000, CAST('2021-08-03T17:56:24.817' AS DateTime), 'NV0001'),
('1040220210001', 76000, 80000, CAST('2021-02-04T17:55:49.003' AS DateTime), 'NV0001'),
('1040220210002', 71000, 100000, CAST('2021-02-04T18:24:51.293' AS DateTime), 'NV0001'),
('1040320210001', 50000, 50000, CAST('2021-03-04T17:49:58.713' AS DateTime), 'NV0001'),
('1040420210001', 75000, 75000, CAST('2021-04-04T09:43:31.653' AS DateTime), 'NV0001'),
('1040420210002', 76000, 80000, CAST('2021-04-04T17:55:49.003' AS DateTime), 'NV0001'),
('1040420210003', 200000, 200000, CAST('2021-04-04T18:23:24.420' AS DateTime), 'NV0001'),
('1040620210001', 100000, 100000, CAST('2021-06-04T14:23:28.650' AS DateTime), 'NV0001'),
('1040620210002', 76000, 80000, CAST('2021-06-04T17:55:49.003' AS DateTime), 'NV0001'),
('1040720210001', 12000, 15000, CAST('2021-07-04T09:42:16.220' AS DateTime), 'NV0001'),
('1040720210002', 75000, 75000, CAST('2021-07-04T09:43:31.653' AS DateTime), 'NV0001'),
('1040720210003', 59000, 60000, CAST('2021-07-04T15:25:31.383' AS DateTime), 'NV0001'),
('1040720210004', 50000, 50000, CAST('2021-07-04T17:49:58.713' AS DateTime), 'NV0001'),
('1040720210005', 51000, 52000, CAST('2021-07-04T17:56:24.817' AS DateTime), 'NV0001'),
('1040820210004', 75000, 75000, CAST('2021-08-04T09:43:31.653' AS DateTime), 'NV0001'),
('1040820210005', 43000, 45000, CAST('2021-08-04T09:44:34.300' AS DateTime), 'NV0001'),
('1040820210006', 59000, 60000, CAST('2021-08-04T15:25:31.383' AS DateTime), 'NV0001'),
('1040820210007', 37000, 50000, CAST('2021-08-04T15:25:47.977' AS DateTime), 'NV0001'),
('1050220210001', 200000, 200000, CAST('2021-02-05T18:23:24.420' AS DateTime), 'NV0001'),
('1050420210001', 59000, 60000, CAST('2021-04-05T15:25:31.383' AS DateTime), 'NV0001'),
('1050520210001', 30000, 30000, CAST('2021-05-05T15:06:43.540' AS DateTime), 'NV0001'),
('1050520210002', 200000, 200000, CAST('2021-05-05T18:23:24.420' AS DateTime), 'NV0001'),
('1050520210003', 25000, 25000, CAST('2021-05-05T18:25:36.587' AS DateTime), 'NV0001'),
('1050520210004', 73000, 83000, CAST('2021-05-05T18:27:55.157' AS DateTime), 'NV0001'),
('1050620210001', 23000, 30000, CAST('2021-06-05T14:23:57.493' AS DateTime), 'NV0001'),
('1050620210002', 42000, 50000, CAST('2021-06-05T14:24:23.587' AS DateTime), 'NV0001'),
('1050620210003', 25000, 25000, CAST('2021-06-05T14:24:44.610' AS DateTime), 'NV0001'),
('1050620210004', 59000, 60000, CAST('2021-06-05T15:25:31.383' AS DateTime), 'NV0001'),
('1050620210005', 33000, 35000, CAST('2021-06-05T17:50:41.990' AS DateTime), 'NV0001'),
('1050820210003', 42000, 50000, CAST('2021-08-05T14:24:23.587' AS DateTime), 'NV0001'),
('1050820210006', 59000, 60000, CAST('2021-08-05T15:02:44.927' AS DateTime), 'NV0001'),
('1050820210007', 30000, 30000, CAST('2021-08-05T15:06:43.540' AS DateTime), 'NV0001'),
('1060520210001', 76000, 80000, CAST('2021-05-06T17:55:49.003' AS DateTime), 'NV0001'),
('1060520210002', 54000, 55000, CAST('2021-05-06T19:15:17.990' AS DateTime), 'NV0001'),
('1060820210001', 200000, 200000, CAST('2021-08-06T18:23:24.420' AS DateTime), 'NV0001'),
('1060820210002', 48000, 50000, CAST('2021-08-06T18:24:10.453' AS DateTime), 'NV0001'),
('1060820210003', 71000, 100000, CAST('2021-08-06T18:24:51.293' AS DateTime), 'NV0001'),
('1060820210006', 73000, 83000, CAST('2021-08-06T18:27:55.157' AS DateTime), 'NV0001'),
('1060820210007', 54000, 55000, CAST('2021-08-06T19:15:17.990' AS DateTime), 'NV0001'),
('1070520210001', 100000, 100000, CAST('2021-05-07T14:23:28.650' AS DateTime), 'NV0001');

INSERT INTO HoaDonOnl (MaHDOnl, HoTen, Sdt, DiaChi, GhiChu, TongTien, NgayLap, TinhTrang, MaNV) VALUES 
('2030520210001', 'Lê Kiều Thu Trang', '0365478474', 'Cam Sơn', '', 45000, CAST('2021-05-03T18:03:05.993' AS DateTime), 2, 'NV0002'),
('2030520210002', 'Nguyễn Tiến Kiệt', '0334370822', 'Cam Sơn 1', '', 49000, CAST('2021-05-03T22:23:36.370' AS DateTime), 2, 'NV0002'),
('2030620210001', 'Hồng', '0334370855', '22 Nguyễn Đình Chiểu, Nha Trang', '', 75000, CAST('2021-06-03T18:19:27.203' AS DateTime), 2, 'NV0002'),
('2030620210002', 'Tân', '0347189290', '66 Dương Văn Nga, Nha Trang', '', 84000, CAST('2021-06-03T18:20:18.987' AS DateTime), 2, 'NV0002'),
('2030620210003', 'VA', '0334370822', '65 Ngô Đến, Nha Trang', '', 88000, CAST('2021-06-03T18:21:04.910' AS DateTime), 2, 'NV0002'),
('2030620210004', 'Hưng', '0337491910', '129 đường 2/4, Nha Trang', 'Nhanh nhé', 108000, CAST('2021-06-03T18:22:33.520' AS DateTime), 2, 'NV0002'),
('2030720210001', 'Trí', '0365062796', '2 Nguyễn Đình Chiểu, Nha Trang', NULL, 76000, CAST('2021-07-03T17:57:45.000' AS DateTime), 2, 'NV0002'),
('2030720210002', 'Đức', '0123457181', '54 Đặng Tất, Nha Trang', NULL, 53000, CAST('2021-07-03T17:59:30.000' AS DateTime), 2, 'NV0002'),
('2030720210003', 'Ân', '0365810381', '48 Lê Hồng Phong, Nha Trang', NULL, 81000, CAST('2021-07-03T18:00:15.000' AS DateTime), 2, 'NV0002'),
('2030820210001', 'Đỗ Xuân Huy', '0347504574', 'Ninh Thủy 1', '', 50000, CAST('2021-08-03T18:02:25.340' AS DateTime), 2, 'NV0002'),
('20308202100010', 'Hồ Trọng Mỹ Thuận', '09744400255', 'Cam Phước 2', '', 44000, CAST('2021-08-03T22:35:07.567' AS DateTime), 2, 'NV0002'),
('2030820210002', 'Lê Kiều Thu Trang', '0365478474', 'Cam Sơn', '', 45000, CAST('2021-08-03T18:03:05.993' AS DateTime), 2, 'NV0002'),
('2030820210003', 'Nguyễn Tiến Kiệt', '0334370822', 'Cam Sơn 1', '', 49000, CAST('2021-08-03T22:23:36.370' AS DateTime), 2, 'NV0002'),
('2030820210004', 'Nguyễn Văn Hùng', '0979417744', 'Cam Phước 1', '', 46000, CAST('2021-08-03T22:24:42.763' AS DateTime), 2, 'NV0002'),
('2030820210005', 'Trần Quốc Trung', '0334371722', 'Chợ mới, Cam Ranh', '', 45000, CAST('2021-08-03T22:28:22.690' AS DateTime), 2, 'NV0002'),
('2030820210006', 'Lê Thị Kiều Dung', '0334374755', 'Chua Núi 1, Cam Ranh', '', 46000, CAST('2021-08-03T22:29:37.163' AS DateTime), 2, 'NV0002'),
('2030820210008', 'Bùi Thị Trang', '0979447755', 'Nha Trang', '', 40000, CAST('2021-08-03T22:32:40.763' AS DateTime), 2, 'NV0002'),
('2040320210001', 'Nguyễn Minh Khôi', '0334784744', 'Sài Gòn', '', 27000, CAST('2021-03-04T22:31:23.660' AS DateTime), 2, 'NV0002'),
('2040520210001', 'Đặng Thị Kiều Trâm', '0334370811', 'Đường 2/4', '', 64000, CAST('2021-05-04T09:34:48.627' AS DateTime), 2, 'NV0002'),
('2040620210001', 'Tạ Thị Mỹ Trinh', '0324754478', 'Đường Nguyễn Khuyến', '', 30000, CAST('2021-06-04T09:36:09.140' AS DateTime), 2, 'NV0002'),
('2040620210002', 'Nguyễn Thị Thanh Thúy', '0337487774', 'Đường Nguyễn Trãi', '', 43000, CAST('2021-06-04T09:37:29.473' AS DateTime), 2, 'NV0002'),
('2040620210003', 'Nguyễn Thị Hồng Điệp', '0337487755', 'Cam Phước, Nha Trang', '', 40000, CAST('2021-06-04T09:41:57.787' AS DateTime), 2, 'NV0002'),
('2040720210001', 'Mang Bảo', '0355478474', 'Cam Phúc Nam', '', 45000, CAST('2021-07-04T18:03:05.993' AS DateTime), 2, 'NV0002'),
('2040720210002', 'Nguyễn Văn Hùng', '0979417744', 'Cam Phước 1', '', 46000, CAST('2021-07-04T22:24:42.763' AS DateTime), 2, 'NV0002'),
('2040720210003', 'Lê Thị Kiều Dung', '0334374755', 'Chua Núi 1, Cam Ranh', '', 46000, CAST('2021-07-04T22:29:37.163' AS DateTime), 2, 'NV0002'),
('2040720210004', 'Nguyễn Minh Khôi', '0334784744', 'Sài Gòn', '', 27000, CAST('2021-07-04T22:31:23.660' AS DateTime), 2, 'NV0002'),
('2040720210005', 'Bùi Văn Thống', '0979441122', 'Ngã 3 đồng lát', '', 37000, CAST('2021-07-04T22:33:58.457' AS DateTime), 2, 'NV0002'),
('2040820210001', 'Đặng Thị Kiều Trâm', '0334370811', 'Đường 2/4', '', 64000, CAST('2021-08-04T09:34:48.627' AS DateTime), 2, 'NV0002'),
('2040820210003', 'Nguyễn Thị Thanh Thúy', '0337487774', 'Đường Nguyễn Trãi', '', 43000, CAST('2021-08-04T09:37:29.473' AS DateTime), 2, 'NV0002'),
('2040820210004', 'Phan Thị Lệ Quyên', '0335374877', 'Bưu Điện Nha Trang', '', 47000, CAST('2021-08-04T09:41:01.833' AS DateTime), 2, 'NV0002'),
('2040820210008', 'Nguyễn Hoàng Long', '0336474885', 'Nguyễn Khuyến, Nha Trang', '', 115000, CAST('2021-08-04T16:18:36.890' AS DateTime), 2, 'NV0002'),
('2050420210001', 'Lê Kiều Thu Trang', '0334370822', 'Cam Sơn 1', '', 60000, CAST('2021-04-05T18:47:54.100' AS DateTime), 2, 'NV0002'),
('2050520210001', 'Phạm Thị Hâu', '0334748022', 'Bưu Điện Nha Trang, Khánh Hòa', '', 125000, CAST('2021-05-05T14:26:30.687' AS DateTime), 2, 'NV0002'),
('2050620210001', 'Phạm Thị Hâu', '0334748022', 'Bưu Điện Nha Trang, Khánh Hòa', '', 125000, CAST('2021-06-05T14:26:30.687' AS DateTime), 2, 'NV0002'),
('2050620210002', 'Lê Na', '0334370823', 'Chùa Tịnh Xá, Nha Trang', '', 37000, CAST('2021-06-05T15:25:07.830' AS DateTime), 2, 'NV0002'),
('2050820210001', 'Phạm Thị Hâu', '0334748022', 'Bưu Điện Nha Trang, Khánh Hòa', '', 125000, CAST('2021-08-05T14:26:30.687' AS DateTime), 2, 'NV0002'),
('2050820210002', 'Tô Lại Huỳnh Như', '0334370577', 'Chợ Mới, Nha Trang', 'ship từ 3h - 4h chiều nay', 50000, CAST('2021-08-05T14:27:40.563' AS DateTime), 2, 'NV0002'),
('2050820210003', 'Nguyễn Hoài Trâm', '0334370244', 'Chợ Cư Xá, Nha Trang', '', 60000, CAST('2021-08-05T14:28:26.983' AS DateTime), 2, 'NV0002'),
('2050820210004', 'Bùi Thị Kim Yến', '0334745844', 'Cam Phước 4, Nha Trang', '', 96000, CAST('2021-08-05T14:29:52.833' AS DateTime), 2, 'NV0002'),
('2050820210005', 'Nguyễn Thị Lan Anh', '0324875594', 'Chợ số 3, Nha Trang', 'tới nơi gọi, sẽ ra lấy', 61000, CAST('2021-08-05T14:31:20.180' AS DateTime), 2, 'NV0002'),
('2050820210006', 'Nguyễn Minh Thư', '0978475585', '66/1B Nguyễn Khuyến, Nha Trang', '', 24000, CAST('2021-08-05T14:32:35.800' AS DateTime), 2, 'NV0002'),
('2230820210001', 'Hà Thanh', '0123457181', '81 Lê Hồng Phong', NULL, 66000, CAST('2021-08-23T18:12:14.000' AS DateTime), 2, 'NV0002');




INSERT INTO Quyen (IDQuyen, TenQuyen) VALUES
('ORDER', 'Order tại quầy'),
('PHANQUYEN', 'Phân quyền'),
('QUANLYDANHMUC', 'Quản lý danh mục'),
('QUANLYHOADON', 'Quản lý hóa đơn'),
('QUANLYNHANVIEN', 'Quản lý nhân viên'),
('QUANLYNHOMNHANVIE', 'Quản lý nhóm nhân viên'),
('QUANLYPHANHOI', 'Quản lý phản hồi'),
('QUANLYTAIKHOANNV', 'Quản lý tài khoản nhân viên'),
('SHIPPER', 'Giao đơn hàng'),
('THONGKE', 'Thống kê');


INSERT INTO DanhSachQuyen (IDNhom, IDQuyen, GhiChu) VALUES 
('QUANLY', 'ORDER', NULL),
('QUANLY', 'QUANLYDANHMUC', NULL),
('QUANLY', 'QUANLYHOADON', NULL),
('QUANLY', 'QUANLYNHANVIEN', NULL),
('QUANLY', 'QUANLYNHOMNHANVIE', NULL),
('QUANLY', 'QUANLYPHANHOI', NULL),
('QUANLY', 'THONGKE', NULL),
('SHIPPER', 'SHIPPER', NULL),
('THUNGAN', 'ORDER', NULL),
('THUNGAN', 'QUANLYHOADON', NULL),
('THUNGAN', 'THONGKE', NULL);

INSERT INTO LoaiDoUong (MaLoaiDU, TenLoaiDU) VALUES 
('DOUONGDACBIET', 'Đồ uống đặc biệt'),
('KEMSUA', 'Kem sữa'),
('KHAC', 'Món khác'),
('TRASUA', 'Trà sữa'),
('TRATRAICAY', 'Trà trái cây');

INSERT INTO DoUong (MaDU, TenDU, DonGia, HinhAnh, NgayThem, BanChay, MaLoaiDU) VALUES 
('DU0001', 'Trà sữa matcha đậu đỏ', 20000, 'ts_matchadaudo.png', CAST('2020-07-20T00:00:00.000' AS DateTime), 1, 'TRASUA'),
('DU0002', 'Trà sữa truyền thống', 12000, 'ts_truyenthong.png', CAST('2020-07-20T00:00:00.000' AS DateTime), 0, 'TRASUA'),
('DU0003', 'Trà sữa socola', 12000, 'ts_socola.png', CAST('2020-07-20T00:00:00.000' AS DateTime), 0, 'TRASUA'),
('DU0004', 'Trà sữa khoai mô', 15000, 'ts_khoaimon.png', CAST('2020-07-20T00:00:00.000' AS DateTime), 0, 'TRASUA'),
('DU0005', 'Trà sữa trái cây', 12000, 'ts_traicay.png', CAST('2020-07-20T00:00:00.000' AS DateTime), 0, 'TRASUA'),
('DU0006', 'Trà sữa olong', 15000, 'ts_olong.png', CAST('2020-07-20T00:00:00.000' AS DateTime), 1, 'TRASUA'),
('DU0007', 'Trà sữa thái xanh', 12000, 'ts_thaixanh.png', CAST('2020-07-20T00:00:00.000' AS DateTime), 0, 'TRASUA'),
('DU0008', 'Trà sữa hoa lài', 15000, 'ts_hoalai.png', CAST('2020-07-20T00:00:00.000' AS DateTime), 1, 'TRASUA'),
('DU0009', 'Trà sữa matcha', 15000, 'ts_matcha.png', CAST('2020-07-20T00:00:00.000' AS DateTime), 0, 'TRASUA'),
('DU0010', 'Trà thái xanh chanh', 15000, 'ttc_trathaixanhchanh.png', CAST('2020-07-20T00:00:00.000' AS DateTime), 1, 'TRATRAICAY'),
('DU0011', 'Trà se', 15000, 'ttc_trasen.png', CAST('2020-07-20T00:00:00.000' AS DateTime), 0, 'TRATRAICAY'),
('DU0012', 'Trà ổi hồng', 18000, 'ttc_traoihong.png', CAST('2020-07-20T00:00:00.000' AS DateTime), 1, 'TRATRAICAY'),
('DU0013', 'Hồng trà trái cây', 12000, 'ttc_hongtratraicay.png', CAST('2020-07-20T00:00:00.000' AS DateTime), 1, 'TRATRAICAY'),
('DU0014', 'Trà olong vải', 18000, 'ttc_traolongvai.png', CAST('2020-07-20T00:00:00.000' AS DateTime), 0, 'TRATRAICAY'),
('DU0015', 'Trà đào', 18000, 'ttc_tradao.png', CAST('2020-07-20T00:00:00.000' AS DateTime), 0, 'TRATRAICAY'),
('DU0016', 'Trà xoài', 15000, 'ttc_traxoai.png', CAST('2020-07-20T00:00:00.000' AS DateTime), 0, 'TRATRAICAY'),
('DU0017', 'Yogurt việt quốc', 22000, 'mk_yogurtvietquoc.png', CAST('2021-07-20T00:00:00.000' AS DateTime), 1, 'KHAC'),
('DU0018', 'Yogurt xoài', 22000, 'mk_yogurtxoai.png', CAST('2021-07-20T00:00:00.000' AS DateTime), 1, 'KHAC'),
('DU0019', 'Matcha oreo', 22000, 'mk_matchaoreo.png', CAST('2021-07-20T00:00:00.000' AS DateTime), 0, 'KHAC'),
('DU0020', 'Chocolate oreo', 22000, 'mk_chocolateoreo.png', CAST('2021-07-20T00:00:00.000' AS DateTime), 0, 'KHAC'),
('DU0021', 'Yogurt trân châu dâu', 22000, 'mk_yogurttranchaudau.png', CAST('2021-07-20T00:00:00.000' AS DateTime), 0, 'KHAC'),
('DU0022', 'Sữa tươi trân châu đường đe', 25000, 'mk_suatuoitranchauduongden.jpg', CAST('2021-07-20T00:00:00.000' AS DateTime), 0, 'KHAC'),
('DU0023', 'Milk shake', 15000, 'mk_milkshake.png', CAST('2021-07-20T00:00:00.000' AS DateTime), 1, 'KHAC'),
('DU0024', 'Soda mix', 15000, 'mk_sodamix.png', CAST('2021-07-20T00:00:00.000' AS DateTime), 0, 'KHAC'),
('DU0025', 'Trà olong creama', 22000, 'ks_traolongcreama.png', CAST('2021-07-20T00:00:00.000' AS DateTime), 0, 'KEMSUA'),
('DU0026', 'Trà đen creama', 22000, 'ks_tradencreama.png', CAST('2021-07-20T00:00:00.000' AS DateTime), 1, 'KEMSUA'),
('DU0027', 'Lục trà creama', 22000, 'ks_luctracreama.png', CAST('2021-07-20T00:00:00.000' AS DateTime), 1, 'KEMSUA'),
('DU0028', 'Hồng trà creama', 20000, 'ks_hongtracreama.png', CAST('2021-07-20T00:00:00.000' AS DateTime), 0, 'KEMSUA'),
('DU0029', 'Trà sen creama', 25000, 'ks_trasencreama.png', CAST('2021-07-20T00:00:00.000' AS DateTime), 0, 'KEMSUA'),
('DU0030', 'Chocolate milk shake jelly', 23000, 'dudb_chocolatemilkshakejelly.png', CAST('2021-07-20T00:00:00.000' AS DateTime), 0, 'DOUONGDACBIET'),
('DU0031', 'Hồng trà chanh xí muội QQ', 23000, 'dudb_hongtraxanhximuoiqq.jpg', CAST('2021-07-20T00:00:00.000' AS DateTime), 0, 'DOUONGDACBIET'),
('DU0032', 'Trà sữa lài trứng đậu đỏ', 25000, 'dudb_trasualaitrungdaudo.png', CAST('2021-07-20T00:00:00.000' AS DateTime), 1, 'DOUONGDACBIET'),
('DU0033', 'Lục trà xoài macchiato', 25000, 'dudb_luctraxoaimacchiato.png', CAST('2021-07-20T00:00:00.000' AS DateTime), 0, 'DOUONGDACBIET'),
('DU0034', 'Chocolate oreo đường đen creama', 25000, 'dudb_chocolateoreoduongdencreama.png', CAST('2021-07-20T00:00:00.000' AS DateTime), 1, 'DOUONGDACBIET');


INSERT INTO ChiTietHD (MaHD, MaDU, Size, ThoiGianThem, SoLuong, PhanTramDa, PhanTramDuong) VALUES 
('1030620210001', 'DU0002', 'L', CAST('2021-06-03T09:43:26.390' AS DateTime), 1, 100, 100),
('1030620210001', 'DU0004', 'L', CAST('2021-06-03T18:13:24.227' AS DateTime), 4, 100, 100),
('1030620210001', 'DU0006', 'M', CAST('2021-06-03T09:43:07.987' AS DateTime), 1, 100, 100),
('1030620210001', 'DU0007', 'L', CAST('2021-06-03T09:43:20.070' AS DateTime), 2, 100, 100),
('1030620210002', 'DU0014', 'L', CAST('2021-06-03T18:15:49.010' AS DateTime), 1, 100, 100),
('1030620210003', 'DU0002', 'M', CAST('2021-06-03T18:16:24.913' AS DateTime), 1, 100, 100),
('1030620210003', 'DU0005', 'L', CAST('2021-06-03T18:16:18.553' AS DateTime), 2, 100, 100),
('1030620210003', 'DU0008', 'M', CAST('2021-06-03T18:16:31.367' AS DateTime), 1, 100, 100),
('1030620210004', 'DU0017', 'L', CAST('2021-06-03T18:17:23.067' AS DateTime), 2, 100, 100),
('1030620210004', 'DU0023', 'L', CAST('2021-06-03T18:17:31.283' AS DateTime), 1, 100, 100),
('1030620210005', 'DU0010', 'L', CAST('2021-06-03T18:18:11.180' AS DateTime), 2, 100, 100),
('1030620210005', 'DU0031', 'L', CAST('2021-06-03T18:18:18.550' AS DateTime), 1, 100, 100),
('1030620210006', 'DU0009', 'M', CAST('2021-06-03T18:18:42.373' AS DateTime), 2, 100, 100),
('1030720210001', 'DU0002', 'L', CAST('2021-07-03T17:24:15.193' AS DateTime), 2, 100, 100),
('1030720210002', 'DU0008', 'M', CAST('2021-07-03T17:24:44.087' AS DateTime), 3, 100, 100),
('1030720210003', 'DU0002', 'L', CAST('2021-07-03T17:25:36.243' AS DateTime), 1, 100, 100),
('1030720210003', 'DU0015', 'M', CAST('2021-07-03T17:25:29.800' AS DateTime), 2, 100, 70),
('1030720210004', 'DU0007', 'M', CAST('2021-07-03T17:26:37.950' AS DateTime), 2, 100, 100),
('1030720210004', 'DU0020', 'M', CAST('2021-07-03T17:26:22.263' AS DateTime), 1, 100, 100),
('1030720210004', 'DU0022', 'L', CAST('2021-07-03T17:26:10.037' AS DateTime), 2, 100, 100),
('1030820210001', 'DU0002', 'L', CAST('2021-08-03T17:49:46.940' AS DateTime), 2, 100, 100),
('10308202100010', 'DU0015', 'L', CAST('2021-08-03T17:58:55.530' AS DateTime), 1, 100, 100),
('10308202100010', 'DU0016', 'M', CAST('2021-08-03T17:59:06.743' AS DateTime), 1, 100, 100),
('1030820210003', 'DU0010', 'L', CAST('2021-08-03T17:52:05.433' AS DateTime), 2, 100, 100),
('1030820210003', 'DU0015', 'M', CAST('2021-08-03T17:52:19.893' AS DateTime), 1, 100, 100),
('1030820210005', 'DU0006', 'L', CAST('2021-08-03T17:53:04.560' AS DateTime), 1, 100, 100),
('1030820210005', 'DU0007', 'L', CAST('2021-08-03T17:53:15.460' AS DateTime), 1, 100, 100),
('1030820210007', 'DU0017', 'M', CAST('2021-08-03T17:54:00.230' AS DateTime), 1, 100, 100),
('1030820210007', 'DU0021', 'M', CAST('2021-08-03T17:54:17.447' AS DateTime), 1, 100, 100),
('1030820210009', 'DU0004', 'L', CAST('2021-08-03T17:56:16.020' AS DateTime), 1, 100, 100),
('1030820210009', 'DU0031', 'M', CAST('2021-08-03T17:56:07.373' AS DateTime), 1, 100, 70),
('1040220210001', 'DU0002', 'L', CAST('2021-02-04T17:55:23.780' AS DateTime), 1, 100, 100),
('1040220210001', 'DU0009', 'L', CAST('2021-02-04T17:55:30.483' AS DateTime), 1, 100, 100),
('1040220210001', 'DU0029', 'M', CAST('2021-02-04T17:55:39.677' AS DateTime), 1, 100, 100),
('1040220210002', 'DU0004', 'L', CAST('2021-02-04T18:24:43.160' AS DateTime), 2, 100, 100),
('1040220210002', 'DU0009', 'L', CAST('2021-02-04T18:24:25.060' AS DateTime), 1, 100, 100),
('1040320210001', 'DU0002', 'L', CAST('2021-03-04T17:49:46.940' AS DateTime), 2, 100, 100),
('1040420210001', 'DU0002', 'L', CAST('2021-04-04T09:43:26.390' AS DateTime), 1, 100, 100),
('1040420210001', 'DU0006', 'M', CAST('2021-04-04T09:43:07.987' AS DateTime), 1, 100, 100),
('1040420210001', 'DU0007', 'L', CAST('2021-04-04T09:43:20.070' AS DateTime), 2, 100, 100),
('1040420210002', 'DU0002', 'L', CAST('2021-04-04T17:55:23.780' AS DateTime), 1, 100, 100),
('1040420210002', 'DU0009', 'L', CAST('2021-04-04T17:55:30.483' AS DateTime), 1, 100, 100),
('1040420210002', 'DU0029', 'M', CAST('2021-04-04T17:55:39.677' AS DateTime), 1, 100, 100),
('1040420210003', 'DU0002', 'L', CAST('2021-04-04T18:22:52.430' AS DateTime), 10, 100, 100),
('1040620210001', 'DU0002', 'L', CAST('2021-06-04T14:23:23.280' AS DateTime), 5, 100, 100),
('1040620210002', 'DU0002', 'L', CAST('2021-06-04T17:55:23.780' AS DateTime), 1, 100, 100),
('1040620210002', 'DU0009', 'L', CAST('2021-06-04T17:55:30.483' AS DateTime), 1, 100, 100),
('1040620210002', 'DU0029', 'M', CAST('2021-06-04T17:55:39.677' AS DateTime), 1, 100, 100),
('1040720210001', 'DU0002', 'M', CAST('2021-07-04T09:42:10.613' AS DateTime), 1, 100, 100),
('1040720210002', 'DU0002', 'L', CAST('2021-07-04T09:43:26.390' AS DateTime), 1, 100, 100),
('1040720210002', 'DU0006', 'M', CAST('2021-07-04T09:43:07.987' AS DateTime), 1, 100, 100),
('1040720210002', 'DU0007', 'L', CAST('2021-07-04T09:43:20.070' AS DateTime), 2, 100, 100),
('1040720210003', 'DU0004', 'M', CAST('2021-07-04T15:25:26.690' AS DateTime), 1, 100, 100),
('1040720210003', 'DU0007', 'L', CAST('2021-07-04T15:25:22.450' AS DateTime), 2, 100, 100),
('1040720210004', 'DU0002', 'L', CAST('2021-07-04T17:49:46.940' AS DateTime), 2, 100, 100),
('1040720210005', 'DU0004', 'L', CAST('2021-07-04T17:56:16.020' AS DateTime), 1, 100, 100),
('1040720210005', 'DU0031', 'M', CAST('2021-07-04T17:56:07.373' AS DateTime), 1, 100, 70),
('1040820210004', 'DU0002', 'L', CAST('2021-08-04T09:43:26.390' AS DateTime), 1, 100, 100),
('1040820210004', 'DU0006', 'M', CAST('2021-08-04T09:43:07.987' AS DateTime), 1, 100, 100),
('1040820210004', 'DU0007', 'L', CAST('2021-08-04T09:43:20.070' AS DateTime), 2, 100, 100),
('1040820210005', 'DU0014', 'M', CAST('2021-08-04T09:44:16.420' AS DateTime), 1, 100, 100),
('1040820210005', 'DU0033', 'M', CAST('2021-08-04T09:44:22.807' AS DateTime), 1, 100, 100),
('1040820210006', 'DU0004', 'M', CAST('2021-08-04T15:25:26.690' AS DateTime), 1, 100, 100),
('1040820210006', 'DU0007', 'L', CAST('2021-08-04T15:25:22.450' AS DateTime), 2, 100, 100),
('1040820210007', 'DU0002', 'L', CAST('2021-08-04T15:25:43.690' AS DateTime), 1, 100, 100),
('1040820210007', 'DU0010', 'L', CAST('2021-08-04T15:25:39.873' AS DateTime), 1, 100, 100),
('1050220210001', 'DU0002', 'L', CAST('2021-02-05T18:22:52.430' AS DateTime), 10, 100, 100),
('1050420210001', 'DU0002', 'M', CAST('2021-04-05T09:42:10.613' AS DateTime), 1, 100, 100),
('1050520210001', 'DU0002', 'M', CAST('2021-05-05T15:06:34.110' AS DateTime), 2, 100, 100),
('1050520210002', 'DU0002', 'L', CAST('2021-05-05T18:22:52.430' AS DateTime), 10, 100, 100),
('1050520210003', 'DU0029', 'M', CAST('2021-05-05T18:25:28.880' AS DateTime), 1, 100, 100),
('1050520210004', 'DU0007', 'L', CAST('2021-05-05T18:27:47.617' AS DateTime), 3, 100, 100),
('1050520210004', 'DU0021', 'M', CAST('2021-05-05T18:27:32.447' AS DateTime), 1, 100, 100),
('1050620210001', 'DU0015', 'L', CAST('2021-06-05T14:23:52.180' AS DateTime), 1, 100, 100),
('1050620210002', 'DU0007', 'L', CAST('2021-06-05T14:24:07.000' AS DateTime), 1, 100, 100),
('1050620210002', 'DU0010', 'L', CAST('2021-06-05T14:24:16.190' AS DateTime), 1, 100, 100),
('1050620210003', 'DU0022', 'M', CAST('2021-06-05T14:24:38.577' AS DateTime), 1, 100, 50),
('1050620210004', 'DU0004', 'M', CAST('2021-06-05T15:25:26.690' AS DateTime), 1, 100, 100),
('1050620210004', 'DU0007', 'L', CAST('2021-06-05T15:25:22.450' AS DateTime), 2, 100, 100),
('1050620210005', 'DU0004', 'L', CAST('2021-06-05T17:50:35.703' AS DateTime), 1, 100, 100),
('1050820210003', 'DU0007', 'L', CAST('2021-08-05T14:24:07.000' AS DateTime), 1, 100, 100),
('1050820210003', 'DU0010', 'L', CAST('2021-08-05T14:24:16.190' AS DateTime), 1, 100, 100),
('1050820210006', 'DU0004', 'M', CAST('2021-08-05T15:00:53.333' AS DateTime), 1, 100, 100),
('1050820210006', 'DU0007', 'L', CAST('2021-08-05T15:02:31.750' AS DateTime), 2, 100, 100),
('1050820210007', 'DU0002', 'M', CAST('2021-08-05T15:06:34.110' AS DateTime), 2, 100, 100),
('1060520210001', 'DU0002', 'L', CAST('2021-05-06T17:55:23.780' AS DateTime), 1, 100, 100),
('1060520210001', 'DU0009', 'L', CAST('2021-05-06T17:55:30.483' AS DateTime), 1, 100, 100),
('1060520210001', 'DU0029', 'M', CAST('2021-05-06T17:55:39.677' AS DateTime), 1, 100, 100),
('1060520210002', 'DU0019', 'L', CAST('2021-05-06T19:15:04.027' AS DateTime), 2, 100, 100),
('1060820210001', 'DU0002', 'L', CAST('2021-08-06T18:22:52.430' AS DateTime), 10, 100, 100),
('1060820210002', 'DU0015', 'M', CAST('2021-08-06T18:23:44.200' AS DateTime), 1, 100, 100),
('1060820210002', 'DU0022', 'M', CAST('2021-08-06T18:24:02.100' AS DateTime), 1, 100, 100),
('1060820210003', 'DU0004', 'L', CAST('2021-08-06T18:24:43.160' AS DateTime), 2, 100, 100),
('1060820210003', 'DU0009', 'L', CAST('2021-08-06T18:24:25.060' AS DateTime), 1, 100, 100),
('1060820210006', 'DU0007', 'L', CAST('2021-08-06T18:27:47.617' AS DateTime), 3, 100, 100),
('1060820210006', 'DU0021', 'M', CAST('2021-08-06T18:27:32.447' AS DateTime), 1, 100, 100),
('1060820210007', 'DU0019', 'L', CAST('2021-08-06T19:15:04.027' AS DateTime), 2, 100, 100),
('1070520210001', 'DU0002', 'L', CAST('2021-05-07T14:23:23.280' AS DateTime), 5, 100, 100);

INSERT INTO ChiTietHDOnl (MaHDOnl, MaDU, Size, ThoiGianThem, SoLuong, PhanTramDa, PhanTramDuong) VALUES 
('2030520210001', 'DU0004', 'L', CAST('2021-05-03T18:02:40.507' AS DateTime), 1, 100, 100),
('2030520210001', 'DU0010', 'L', CAST('2021-05-03T18:02:46.147' AS DateTime), 1, 100, 100),
('2030520210002', 'DU0002', 'M', CAST('2021-05-03T22:22:15.863' AS DateTime), 1, 100, 100),
('2030520210002', 'DU0010', 'M', CAST('2021-05-03T22:22:09.390' AS DateTime), 1, 100, 100),
('2030520210002', 'DU0026', 'M', CAST('2021-05-03T22:21:57.250' AS DateTime), 1, 100, 100),
('2030620210001', 'DU0028', 'L', CAST('2021-06-03T18:19:12.777' AS DateTime), 3, 100, 100),
('2030620210002', 'DU0021', 'L', CAST('2021-06-03T18:19:36.257' AS DateTime), 2, 100, 100),
('2030620210002', 'DU0033', 'L', CAST('2021-06-03T18:19:44.890' AS DateTime), 1, 100, 100),
('2030620210003', 'DU0015', 'L', CAST('2021-06-03T18:20:37.787' AS DateTime), 1, 100, 100),
('2030620210003', 'DU0029', 'L', CAST('2021-06-03T18:20:28.920' AS DateTime), 2, 100, 100),
('2030620210004', 'DU0013', 'L', CAST('2021-06-03T18:21:55.510' AS DateTime), 2, 50, 100),
('2030620210004', 'DU0020', 'L', CAST('2021-06-03T18:21:44.987' AS DateTime), 2, 100, 100),
('2030720210001', 'DU0002', 'L', CAST('2021-07-03T17:56:53.897' AS DateTime), 1, 70, 100),
('2030720210001', 'DU0012', 'L', CAST('2021-07-03T17:56:44.907' AS DateTime), 2, 100, 100),
('2030720210002', 'DU0030', 'M', CAST('2021-07-03T17:58:48.510' AS DateTime), 1, 100, 100),
('2030720210002', 'DU0032', 'L', CAST('2021-07-03T17:59:02.730' AS DateTime), 1, 70, 100),
('2030720210003', 'DU0018', 'L', CAST('2021-07-03T17:59:43.123' AS DateTime), 3, 100, 100),
('2030820210001', 'DU0002', 'L', CAST('2021-08-03T18:01:59.367' AS DateTime), 2, 100, 100),
('20308202100010', 'DU0007', 'L', CAST('2021-08-03T22:34:48.597' AS DateTime), 2, 100, 70),
('2030820210002', 'DU0004', 'L', CAST('2021-08-03T18:02:40.507' AS DateTime), 1, 100, 100),
('2030820210002', 'DU0010', 'L', CAST('2021-08-03T18:02:46.147' AS DateTime), 1, 100, 100),
('2030820210003', 'DU0002', 'M', CAST('2021-08-03T22:22:15.863' AS DateTime), 1, 100, 100),
('2030820210003', 'DU0010', 'M', CAST('2021-08-03T22:22:09.390' AS DateTime), 1, 100, 100),
('2030820210003', 'DU0026', 'M', CAST('2021-08-03T22:21:57.250' AS DateTime), 1, 100, 100),
('2030820210004', 'DU0014', 'M', CAST('2021-08-03T22:24:17.830' AS DateTime), 2, 100, 100),
('2030820210005', 'DU0003', 'L', CAST('2021-08-03T22:26:10.883' AS DateTime), 1, 100, 70),
('2030820210005', 'DU0006', 'L', CAST('2021-08-03T22:25:56.527' AS DateTime), 1, 100, 100),
('2030820210006', 'DU0004', 'L', CAST('2021-08-03T22:28:41.010' AS DateTime), 1, 100, 100),
('2030820210006', 'DU0030', 'M', CAST('2021-08-03T22:28:51.793' AS DateTime), 1, 100, 100),
('2030820210008', 'DU0006', 'L', CAST('2021-08-03T22:32:11.997' AS DateTime), 1, 100, 100),
('2030820210008', 'DU0016', 'M', CAST('2021-08-03T22:32:25.287' AS DateTime), 1, 100, 100),
('2040320210001', 'DU0010', 'M', CAST('2021-03-04T22:30:53.323' AS DateTime), 1, 100, 100),
('2040320210001', 'DU0013', 'M', CAST('2021-03-04T22:30:49.257' AS DateTime), 1, 100, 100),
('2040520210001', 'DU0002', 'L', CAST('2021-05-04T09:33:20.617' AS DateTime), 2, 100, 100),
('2040520210001', 'DU0003', 'L', CAST('2021-05-04T09:33:46.607' AS DateTime), 1, 100, 100),
('2040620210001', 'DU0010', 'M', CAST('2021-06-04T09:35:38.790' AS DateTime), 2, 100, 100),
('2040620210002', 'DU0008', 'L', CAST('2021-06-04T09:37:02.057' AS DateTime), 1, 100, 100),
('2040620210002', 'DU0012', 'M', CAST('2021-06-04T09:36:47.947' AS DateTime), 1, 100, 100),
('2040620210003', 'DU0007', 'L', CAST('2021-06-04T09:41:34.610' AS DateTime), 2, 100, 100),
('2040720210001', 'DU0004', 'L', CAST('2021-07-04T18:02:40.507' AS DateTime), 1, 100, 100),
('2040720210001', 'DU0010', 'L', CAST('2021-07-04T18:02:46.147' AS DateTime), 1, 100, 100),
('2040720210002', 'DU0014', 'M', CAST('2021-07-04T22:24:17.830' AS DateTime), 2, 100, 100),
('2040720210003', 'DU0004', 'L', CAST('2021-07-04T22:28:41.010' AS DateTime), 1, 100, 100),
('2040720210003', 'DU0030', 'M', CAST('2021-07-04T22:28:51.793' AS DateTime), 1, 100, 100),
('2040720210004', 'DU0010', 'M', CAST('2021-07-04T22:30:53.323' AS DateTime), 1, 100, 100),
('2040720210004', 'DU0013', 'M', CAST('2021-07-04T22:30:49.257' AS DateTime), 1, 100, 100),
('2040720210005', 'DU0002', 'M', CAST('2021-07-04T22:33:04.863' AS DateTime), 1, 100, 100),
('2040720210005', 'DU0022', 'M', CAST('2021-07-04T22:32:53.740' AS DateTime), 1, 100, 100),
('2040820210001', 'DU0002', 'L', CAST('2021-08-04T09:33:20.617' AS DateTime), 2, 100, 100),
('2040820210001', 'DU0003', 'L', CAST('2021-08-04T09:33:46.607' AS DateTime), 1, 100, 100),
('2040820210003', 'DU0008', 'L', CAST('2021-08-04T09:37:02.057' AS DateTime), 1, 100, 100),
('2040820210003', 'DU0012', 'M', CAST('2021-08-04T09:36:47.947' AS DateTime), 1, 100, 100),
('2040820210004', 'DU0020', 'M', CAST('2021-08-04T09:40:25.750' AS DateTime), 1, 100, 100),
('2040820210004', 'DU0022', 'M', CAST('2021-08-04T09:40:31.737' AS DateTime), 1, 100, 100),
('2040820210008', 'DU0006', 'L', CAST('2021-08-04T16:17:59.420' AS DateTime), 5, 100, 100),
('2050420210001', 'DU0002', 'L', CAST('2021-04-05T18:30:19.970' AS DateTime), 3, 100, 100),
('2050520210001', 'DU0002', 'L', CAST('2021-05-05T14:25:42.227' AS DateTime), 5, 100, 100),
('2050620210001', 'DU0002', 'L', CAST('2021-06-05T14:25:42.227' AS DateTime), 5, 100, 100),
('2050620210002', 'DU0002', 'M', CAST('2021-06-05T15:24:48.080' AS DateTime), 1, 100, 100),
('2050620210002', 'DU0029', 'M', CAST('2021-06-05T15:24:36.233' AS DateTime), 1, 100, 100),
('2050820210001', 'DU0002', 'L', CAST('2021-08-05T14:25:42.227' AS DateTime), 5, 100, 100),
('2050820210002', 'DU0004', 'L', CAST('2021-08-05T14:26:42.273' AS DateTime), 2, 100, 100),
('2050820210003', 'DU0010', 'L', CAST('2021-08-05T14:28:03.960' AS DateTime), 3, 100, 100),
('2050820210004', 'DU0010', 'L', CAST('2021-08-05T14:29:02.910' AS DateTime), 1, 100, 100),
('2050820210004', 'DU0015', 'L', CAST('2021-08-05T14:28:52.353' AS DateTime), 2, 100, 100),
('2050820210004', 'DU0016', 'L', CAST('2021-08-05T14:28:57.927' AS DateTime), 1, 100, 100),
('2050820210005', 'DU0001', 'L', CAST('2021-08-05T14:30:08.313' AS DateTime), 1, 100, 100),
('2050820210005', 'DU0031', 'M', CAST('2021-08-05T14:30:20.480' AS DateTime), 1, 100, 100),
('2050820210006', 'DU0002', 'M', CAST('2021-08-05T14:31:49.910' AS DateTime), 2, 100, 100),
('2230820210001', 'DU0018', 'M', CAST('2021-08-23T18:11:32.900' AS DateTime), 3, 100, 100);

INSERT INTO LoaiTopping (MaLoaiTP, TenLoaiTP) VALUES 
('HAT', 'Hạt'),
('KHAC', 'Khác'),
('THACH', 'Thạch'),
('TRANCHAU', 'Trân châu');

INSERT INTO Topping (MaTP, TenTP, DonGia, HinhAnh, MaLoaiTP) VALUES 
('TP0001', 'Trân châu đen', 3000, 'tc_tranchauden.png', 'TRANCHAU'),
('TP0002', 'Kem sữa', 10000, 'k_kemsua.png', 'KHAC'),
('TP0003', 'Hạt sen', 8000, 'k_hatsen.png', 'KHAC'),
('TP0004', 'Đậu đỏ', 8000, 'k_daudo.png', 'KHAC'),
('TP0005', 'Khúc bạch', 5000, 'k_khucbach.png', 'KHAC'),
('TP0006', 'Trái vải', 5000, 'k_traivai.png', 'KHAC'),
('TP0007', 'Đào miếng', 5000, 'k_daomieng.png', 'KHAC'),
('TP0008', 'Pudding', 5000, 'k_pudding.png', 'KHAC'),
('TP0009', 'Hạt thủy tinh', 5000, 'h_hatthuytinh.png', 'HAT'),
('TP0010', 'Trân châu đường đe', 5000, 'tc_tranchauduongden.png', 'TRANCHAU'),
('TP0011', 'Hạt 3Q', 5000, 'h_hat3q.png', 'HAT'),
('TP0012', 'Thạch phô mai', 5000, 't_thachphomai.png', 'THACH'),
('TP0013', 'Thạch trái cây', 5000, 't_thachtraicay.png', 'THACH'),
('TP0014', 'Thạch nha đam', 5000, 't_thachnhadam.png', 'THACH'),
('TP0015', 'Trân châu trắng', 5000, 'tc_tranchautrang.png', 'TRANCHAU');

INSERT INTO CTTopping (MaHD, MaDU, ThoiGianThem, MaTP, SoLuong) VALUES 
('1030620210001', 'DU0002', CAST('2021-06-03T09:43:26.390' AS DateTime), 'TP0001', 1),
('1030620210001', 'DU0004', CAST('2021-06-03T18:13:24.227' AS DateTime), 'TP0001', 4),
('1030620210001', 'DU0007', CAST('2021-06-03T09:43:20.070' AS DateTime), 'TP0001', 2),
('1030620210003', 'DU0002', CAST('2021-06-03T18:16:24.913' AS DateTime), 'TP0001', 1),
('1030620210003', 'DU0002', CAST('2021-06-03T18:16:24.913' AS DateTime), 'TP0012', 1),
('1030620210003', 'DU0005', CAST('2021-06-03T18:16:18.553' AS DateTime), 'TP0001', 2),
('1030620210003', 'DU0005', CAST('2021-06-03T18:16:18.553' AS DateTime), 'TP0011', 2),
('1030620210003', 'DU0008', CAST('2021-06-03T18:16:31.367' AS DateTime), 'TP0012', 1),
('1030620210004', 'DU0023', CAST('2021-06-03T18:17:31.283' AS DateTime), 'TP0001', 1),
('1030620210005', 'DU0010', CAST('2021-06-03T18:18:11.180' AS DateTime), 'TP0003', 2),
('1030620210005', 'DU0010', CAST('2021-06-03T18:18:11.180' AS DateTime), 'TP0009', 2),
('1030620210006', 'DU0009', CAST('2021-06-03T18:18:42.373' AS DateTime), 'TP0002', 2),
('1030720210001', 'DU0002', CAST('2021-07-03T17:24:15.193' AS DateTime), 'TP0001', 2),
('1030720210002', 'DU0008', CAST('2021-07-03T17:24:44.087' AS DateTime), 'TP0012', 3),
('1030720210003', 'DU0002', CAST('2021-07-03T17:25:36.243' AS DateTime), 'TP0001', 1),
('1030720210003', 'DU0015', CAST('2021-07-03T17:25:29.800' AS DateTime), 'TP0007', 2),
('1030720210004', 'DU0007', CAST('2021-07-03T17:26:37.950' AS DateTime), 'TP0001', 2),
('1030720210004', 'DU0007', CAST('2021-07-03T17:26:37.950' AS DateTime), 'TP0009', 2),
('1030820210001', 'DU0002', CAST('2021-08-03T17:49:46.940' AS DateTime), 'TP0001', 2),
('1030820210001', 'DU0002', CAST('2021-08-03T17:49:46.940' AS DateTime), 'TP0015', 2),
('10308202100010', 'DU0015', CAST('2021-08-03T17:58:55.530' AS DateTime), 'TP0007', 1),
('1030820210005', 'DU0007', CAST('2021-08-03T17:53:15.460' AS DateTime), 'TP0001', 1),
('1030820210009', 'DU0004', CAST('2021-08-03T17:56:16.020' AS DateTime), 'TP0001', 1),
('1030820210009', 'DU0031', CAST('2021-08-03T17:56:07.373' AS DateTime), 'TP0015', 1),
('1040220210001', 'DU0002', CAST('2021-02-04T17:55:23.780' AS DateTime), 'TP0001', 1),
('1040220210001', 'DU0009', CAST('2021-02-04T17:55:30.483' AS DateTime), 'TP0001', 1),
('1040220210001', 'DU0029', CAST('2021-02-04T17:55:39.677' AS DateTime), 'TP0003', 1),
('1040220210002', 'DU0004', CAST('2021-02-04T18:24:43.160' AS DateTime), 'TP0001', 2),
('1040220210002', 'DU0009', CAST('2021-02-04T18:24:25.060' AS DateTime), 'TP0015', 1),
('1040320210001', 'DU0002', CAST('2021-03-04T17:49:46.940' AS DateTime), 'TP0001', 2),
('1040320210001', 'DU0002', CAST('2021-03-04T17:49:46.940' AS DateTime), 'TP0015', 2),
('1040420210001', 'DU0002', CAST('2021-04-04T09:43:26.390' AS DateTime), 'TP0001', 1),
('1040420210001', 'DU0007', CAST('2021-04-04T09:43:20.070' AS DateTime), 'TP0001', 2),
('1040420210002', 'DU0002', CAST('2021-04-04T17:55:23.780' AS DateTime), 'TP0001', 1),
('1040420210002', 'DU0009', CAST('2021-04-04T17:55:30.483' AS DateTime), 'TP0001', 1),
('1040420210002', 'DU0029', CAST('2021-04-04T17:55:39.677' AS DateTime), 'TP0003', 1),
('1040420210003', 'DU0002', CAST('2021-04-04T18:22:52.430' AS DateTime), 'TP0001', 10),
('1040620210001', 'DU0002', CAST('2021-06-04T14:23:23.280' AS DateTime), 'TP0001', 5),
('1040620210002', 'DU0002', CAST('2021-06-04T17:55:23.780' AS DateTime), 'TP0001', 1),
('1040620210002', 'DU0009', CAST('2021-06-04T17:55:30.483' AS DateTime), 'TP0001', 1),
('1040620210002', 'DU0029', CAST('2021-06-04T17:55:39.677' AS DateTime), 'TP0003', 1),
('1040720210002', 'DU0002', CAST('2021-07-04T09:43:26.390' AS DateTime), 'TP0001', 1),
('1040720210002', 'DU0007', CAST('2021-07-04T09:43:20.070' AS DateTime), 'TP0001', 2),
('1040720210003', 'DU0007', CAST('2021-07-04T15:25:22.450' AS DateTime), 'TP0009', 2),
('1040720210004', 'DU0002', CAST('2021-07-04T17:49:46.940' AS DateTime), 'TP0001', 2),
('1040720210004', 'DU0002', CAST('2021-07-04T17:49:46.940' AS DateTime), 'TP0015', 2),
('1040720210005', 'DU0004', CAST('2021-07-04T17:56:16.020' AS DateTime), 'TP0001', 1),
('1040720210005', 'DU0031', CAST('2021-07-04T17:56:07.373' AS DateTime), 'TP0015', 1),
('1040820210004', 'DU0002', CAST('2021-08-04T09:43:26.390' AS DateTime), 'TP0001', 1),
('1040820210004', 'DU0007', CAST('2021-08-04T09:43:20.070' AS DateTime), 'TP0001', 2),
('1040820210006', 'DU0007', CAST('2021-08-04T15:25:22.450' AS DateTime), 'TP0009', 2),
('1050220210001', 'DU0002', CAST('2021-02-05T18:22:52.430' AS DateTime), 'TP0001', 10),
('1050520210001', 'DU0002', CAST('2021-05-05T15:06:34.110' AS DateTime), 'TP0001', 2),
('1050520210002', 'DU0002', CAST('2021-05-05T18:22:52.430' AS DateTime), 'TP0001', 10),
('1050620210002', 'DU0007', CAST('2021-06-05T14:24:07.000' AS DateTime), 'TP0009', 1),
('1050620210004', 'DU0007', CAST('2021-06-05T15:25:22.450' AS DateTime), 'TP0009', 2),
('1050620210005', 'DU0004', CAST('2021-06-05T17:50:35.703' AS DateTime), 'TP0001', 1),
('1050620210005', 'DU0004', CAST('2021-06-05T17:50:35.703' AS DateTime), 'TP0009', 1),
('1050620210005', 'DU0004', CAST('2021-06-05T17:50:35.703' AS DateTime), 'TP0015', 1),
('1050820210003', 'DU0007', CAST('2021-08-05T14:24:07.000' AS DateTime), 'TP0009', 1),
('1050820210006', 'DU0007', CAST('2021-08-05T15:02:31.750' AS DateTime), 'TP0009', 2),
('1050820210007', 'DU0002', CAST('2021-08-05T15:06:34.110' AS DateTime), 'TP0001', 2),
('1060520210001', 'DU0002', CAST('2021-05-06T17:55:23.780' AS DateTime), 'TP0001', 1),
('1060520210001', 'DU0009', CAST('2021-05-06T17:55:30.483' AS DateTime), 'TP0001', 1),
('1060520210001', 'DU0029', CAST('2021-05-06T17:55:39.677' AS DateTime), 'TP0003', 1),
('1060820210001', 'DU0002', CAST('2021-08-06T18:22:52.430' AS DateTime), 'TP0001', 10),
('1060820210002', 'DU0015', CAST('2021-08-06T18:23:44.200' AS DateTime), 'TP0007', 1),
('1060820210003', 'DU0004', CAST('2021-08-06T18:24:43.160' AS DateTime), 'TP0001', 2),
('1060820210003', 'DU0009', CAST('2021-08-06T18:24:25.060' AS DateTime), 'TP0015', 1),
('1070520210001', 'DU0002', CAST('2021-05-07T14:23:23.280' AS DateTime), 'TP0001', 5);

INSERT INTO CTToppingOnl (MaHDOnl, MaDU, ThoiGianThem, MaTP, SoLuong) VALUES 
('2030520210001', 'DU0004', CAST('2021-05-03T18:02:40.507' AS DateTime), 'TP0008', 1),
('2030620210003', 'DU0015', CAST('2021-06-03T18:20:37.787' AS DateTime), 'TP0007', 1),
('2030620210004', 'DU0013', CAST('2021-06-03T18:21:55.510' AS DateTime), 'TP0006', 2),
('2030620210004', 'DU0013', CAST('2021-06-03T18:21:55.510' AS DateTime), 'TP0007', 2),
('2030720210001', 'DU0002', CAST('2021-07-03T17:56:53.897' AS DateTime), 'TP0001', 1),
('2030720210001', 'DU0012', CAST('2021-07-03T17:56:44.907' AS DateTime), 'TP0007', 2),
('2030820210001', 'DU0002', CAST('2021-08-03T18:01:59.367' AS DateTime), 'TP0001', 2),
('2030820210001', 'DU0002', CAST('2021-08-03T18:01:59.367' AS DateTime), 'TP0015', 2),
('20308202100010', 'DU0007', CAST('2021-08-03T22:34:48.597' AS DateTime), 'TP0008', 2),
('2030820210002', 'DU0004', CAST('2021-08-03T18:02:40.507' AS DateTime), 'TP0008', 1),
('2030820210004', 'DU0014', CAST('2021-08-03T22:24:17.830' AS DateTime), 'TP0006', 2),
('2030820210005', 'DU0003', CAST('2021-08-03T22:26:10.883' AS DateTime), 'TP0001', 1),
('2030820210005', 'DU0006', CAST('2021-08-03T22:25:56.527' AS DateTime), 'TP0009', 1),
('2030820210006', 'DU0004', CAST('2021-08-03T22:28:41.010' AS DateTime), 'TP0001', 1),
('2030820210008', 'DU0006', CAST('2021-08-03T22:32:11.997' AS DateTime), 'TP0008', 1),
('2040520210001', 'DU0002', CAST('2021-05-04T09:33:20.617' AS DateTime), 'TP0013', 2),
('2040520210001', 'DU0003', CAST('2021-05-04T09:33:46.607' AS DateTime), 'TP0001', 1),
('2040620210002', 'DU0012', CAST('2021-06-04T09:36:47.947' AS DateTime), 'TP0015', 1),
('2040620210003', 'DU0007', CAST('2021-06-04T09:41:34.610' AS DateTime), 'TP0001', 2),
('2040720210001', 'DU0004', CAST('2021-07-04T18:02:40.507' AS DateTime), 'TP0008', 1),
('2040720210002', 'DU0014', CAST('2021-07-04T22:24:17.830' AS DateTime), 'TP0006', 2),
('2040720210003', 'DU0004', CAST('2021-07-04T22:28:41.010' AS DateTime), 'TP0001', 1),
('2040820210001', 'DU0002', CAST('2021-08-04T09:33:20.617' AS DateTime), 'TP0013', 2),
('2040820210001', 'DU0003', CAST('2021-08-04T09:33:46.607' AS DateTime), 'TP0001', 1),
('2040820210003', 'DU0012', CAST('2021-08-04T09:36:47.947' AS DateTime), 'TP0015', 1),
('2040820210008', 'DU0006', CAST('2021-08-04T16:17:59.420' AS DateTime), 'TP0001', 5),
('2050420210001', 'DU0002', CAST('2021-04-05T18:30:19.970' AS DateTime), 'TP0001', 3),
('2050520210001', 'DU0002', CAST('2021-05-05T14:25:42.227' AS DateTime), 'TP0001', 5),
('2050520210001', 'DU0002', CAST('2021-05-05T14:25:42.227' AS DateTime), 'TP0015', 5),
('2050620210001', 'DU0002', CAST('2021-06-05T14:25:42.227' AS DateTime), 'TP0001', 5),
('2050620210001', 'DU0002', CAST('2021-06-05T14:25:42.227' AS DateTime), 'TP0015', 5),
('2050820210001', 'DU0002', CAST('2021-08-05T14:25:42.227' AS DateTime), 'TP0001', 5),
('2050820210001', 'DU0002', CAST('2021-08-05T14:25:42.227' AS DateTime), 'TP0015', 5),
('2050820210002', 'DU0004', CAST('2021-08-05T14:26:42.273' AS DateTime), 'TP0015', 2),
('2050820210004', 'DU0015', CAST('2021-08-05T14:28:52.353' AS DateTime), 'TP0007', 2),
('2050820210005', 'DU0001', CAST('2021-08-05T14:30:08.313' AS DateTime), 'TP0004', 1),
('2050820210005', 'DU0031', CAST('2021-08-05T14:30:20.480' AS DateTime), 'TP0015', 1);


INSERT INTO PhanHoi (id, hoTen, sdt, email, noiDung, ngayGui, tinhTrang) VALUES 
(1, 'Lê Minh Long', '0356827189', 'long.lm.60cntt@ntu.edu.vn', 'Dịch vụ tốt, nhân viên nhiệt tình thân thiện, trà sữa ngon, nhiều loại, topping tha hồ lựa chọn, giá cả rẻ, nhất định sẽ ghé lại quán', CAST('2021-06-12' AS Date), 1)
